year,avg_wkday
2019,248276.129186603
2021,98926.9951923077
2023,136531.216346154
